,TRASH_ID,TRASH_GEO_X,TRASH_GEO_Y
0,13,37.66721,55.790589
1,14,37.668849,55.79067
2,15,37.668358,55.790104
